text,label
"Liberal Arts-Professional Divide Is an Illusion, Study Finds June 30, 2015 - A new study released today by.",google
"Keeping the Lights On, Part 2: Renewable Energy Takes Center Stage in New York New York, NY - May 3, 2015 -.",google
"Here's What We Know About The U.S. Open Blimp Crash New York, NY - June 16, 2017 - A somber mood has.",google
"After Enrollment Dips, Public Schools Hope For Fall Rebound June 16, 2021 - Across the nation, public school.",google
"Hurricane Dorian's Track Still Unclear, But Florida Readies For The Worst Miami, FL - August 30, 2019 - As.",google
"57 Simple Ways to Make Someone's Day IMPACT - June 2, 2013 In a world often consumed by stress and.",google
"These Affectionate Doggie Pals Will Make You Wanna Hug Your BFF January 19, 2016 - In a world often filled.",google
"Japanese Ocean-Killers Issue 4,000 Death Warrants (WARNING: GRAPHIC PHOTOS) Tokyo, Japan - December 3, 2014 -.",google
"Withdrawal From DACA Will Be Devastating, Say Religious Leaders September 5, 2017 - A wave of condemnation.",google
"NFL Actually Considering Fining Marshawn Lynch Because Of This Cap Seattle, WA - January 28, 2015 - The NFL.",google
"Deck Your Home in Red, White, and Blue: 14 Free Printable Memorial Day Decorations, Favors, and More! May 27,.",google
"World War I, Rather Than World War II, Is Key for U.S. Foreign Policy WORLDPOST, June 30, 2014 - A.",google
"President Obama: Dad to Dad, Please Take Action on Global Warming Washington D.C., June 16, 2013 - In a.",google
"Critics Say Kentucky's New 'Religious Freedom’ Bill Targets LGBTQ Students Frankfort, KY - March 22, 2017 -.",google
"What Really Happens at Chaz Dean's Salon June 30, 2015 Tucked away on a quiet street in West Hollywood, Chaz.",google
"Bill Maher: America 'Really Should Fight Back' Against Russian Attacks (But Not With Tanks) Los Angeles, CA -.",google
"7 Sea-Inspired Pastas to Make Waves on Your Plate June 8, 2012 - The ocean's bounty is a treasure trove for.",google
"Polls Open In First Phase Of India's Lengthy General Election New Delhi, India - April 11, 2019 - Millions of.",google
"Rachael Ray Weighs In On Twerking, Rap And More (VIDEO) New York, NY - September 18, 2013 - Celebrity chef.",google
"Lily Aldridge Baby: Model Welcomes First Child With Caleb Followill New York, June 22, 2012 - Victoria's.",google
"Holiday Reads: 10 Recent Books on Art and Culture December 7, 2014 The holiday season is upon us, and what.",google
"Buyer Beware: Learning to Ask Why Complementary and Alternative Medicine Works January 7, 2014 The wellness.",google
"The Stripped-Down History Of Underwear, From Whalebone Girdles To Spanx September 16, 2016 Underwear. It's.",google
"6 Silly Thanksgiving Memories of Mom FIFTY, November 28, 2014 - Thanksgiving. A time for family, feasting,.",google
"Unhappy Spending: Why So Many People Are Broke July 7, 2013 A growing number of Americans are struggling to.",google
"Danny Cortez Is a Dangerous Man: Accusations of Cult-like Practices Rock Local Church December 19, 2014 - A.",google
"A Year After The Assault At Spring Valley, One Student Turns Her Pain Into Progress October 23, 2016 - A year.",google
"California Experienced Back-to-Back Earthquakes. Here’s What To Expect Next San Francisco, CA - July 8, 2019.",google
"Twitter Drags CNN Host Who Implied Indian-American Spelling Bee Champ Uses Sanskrit June 6, 2017 - A CNN host.",google
"American Sniper: Students Debate Film's Quality and Impact February 4, 2015 - The University of California,.",google
"Phoenix Police Must Now Track Every Single Time They Point Guns At People Phoenix, AZ - August 20, 2019 - In.",google
"Zay Zay And Jo Jo Taste Baby Food, Aren't Impressed (VIDEO) April 3, 2013 - A viral video has sparked debate.",google
"Trump's Speeches Sound Suspiciously Like Holiday Movie Lines December 22, 2017 Is it just us, or are.",google
"Will the Real Chocolate Truffle Please Stand Up? June 5, 2013 - The world of fine chocolate is in a bit of a.",google
"Squirming On The Floor And A $200,000 Payout: Travis Kalanick's Last Months At Uber San Francisco, CA -.",google
"The Art Of Fatherhood: The Best Representations Of Fathers In Art (PHOTOS) June 17, 2012 Fatherhood, a.",google
"5 Foods You Didn't Know Were Fruits April 3, 2014 We all know apples, oranges, and bananas are fruits, but.",google
"Jennifer Lopez Twerks On 'EW,' And Loving It Don't Cost A Thing Los Angeles, CA - February 18, 2016 - Pop.",google
"The Never Ending Journey of the Independent Artist April 21, 2015 The world of art is often romanticized,.",google
"Prevention in the Shadows: America's Quick Fix Culture July 3, 2015 America, a nation built on the promise of.",google
"The Important Conversation Almost No One Seems To Be Having FIFTY, November 16, 2014 - It's a conversation.",google
"Twitter Says It May Have Shared User Data With Ad Partners Without Permission San Francisco, CA - August 7,.",google
"Black (and White) Is Back! March 18, 2013 - Move over pastels and muted tones, a bold new wave is sweeping.",google
"People Think The New World Chess Championship Logo Is ""Pawnographic"" December 20, 2017 - The chess world is.",google
"""Sheeple"" Officially Joins the Lexicon: Does It Reflect Our Times? April 27, 2017 - The Merriam-Webster.",google
"The Moment I Knew: Travel Videos Capture Life-Changing Experiences March 9, 2012 - A new online campaign is.",google
"The Devil Is in the Details: Controversial New Exhibit Sparks Debate at the Metropolitan Museum New York,.",google
"In 'This Close,' Two Pals Navigate Heartbreak, Sexuality... And Deafness February 27, 2018 ""This Close,"" a.",google
"Teacher Reportedly Told Kids Donald Trump Will Deport Their Parents Los Angeles, CA - November 14, 2016 - A.",google
"Alligator Gets Caught Behind The Wheel Of An SUV Miami, FL - May 31, 2016 - In a bizarre incident that has.",google
"Flight Cancellations Drag On Over Staffing Issues Tied To COVID-19 Washington D.C., December 25, 2021 - The.",google
"Humanizing Portraits Give Detained Immigrants The Dignity They Deserve September 28, 2016 - Inside the stark,.",google
"The Perfect Pop Of Color For Brown-Eyed Girls August 4, 2014 Brown eyes are captivating, rich, and versatile,.",google
"Love Endures: Hugh Jackman and Deborra-Lee Furness Share Secrets to a Lasting Marriage New York, NY -.",google
"Global Series: Humans In Our Habitat July 18, 2017 - A groundbreaking new documentary series, ""Humans In Our.",google
"Manx's Surprising Revival: Ancient Cat Breed Makes a Comeback February 21, 2015 - The Isle of Man, a small.",google
"Should You Ask Your Boss For A Raise? December 5, 2014 The holiday season is upon us, and for many, that.",google
"Florida City Plays Children's Music Overnight To Prevent Homeless People From Sleeping Miami, FL - July 18,.",google
"People Pick Awful Tattoos By Chance And Still Go Through With It In 'Tattoo Roulette' September 2, 2015 - A.",google
"Interracial Marriage: 1 In 10 American Marriages Are Mixed, Census Reveals April 27, 2012 - A new report.",google
"Ariana Grande Was Reminded To Not Lick Any Donuts At The VMAs Los Angeles, CA - August 29, 2016 - Pop.",google
"For Kids Like Me, Cancer Is Hard Enough June 26, 2017 Ten-year-old Lily clutched her stuffed unicorn, its.",google
"Channing Tatum Says His Kid Could Not Be Less Interested In 'Step Up' Los Angeles, CA - August 2, 2017 -.",google
"Making the Move From REITs to a More Active Investor Role May 27, 2015 - For many investors, Real Estate.",google
"Honeymoon Tips: Martha Stewart Weddings Editorial Director Darcy Miller Shares Pointers (VIDEO) New York, NY.",google
"The Daily Life With Tracey Stewart October 22, 2015 Tracey Stewart wakes up before the sun, the faint.",google
"7 Out of Control Lego Sculptures That Will Leave You Speechless October 13, 2013 - Lego, the iconic building.",google
"Bird-Brained Pigeon Thief Disguises Self With Bucket On Head New York, NY - December 14, 2016 - In a bizarre.",google
"6 Tips To Keep Volunteers Committed To The Cause July 21, 2013 Volunteerism is the lifeblood of countless.",google
"Emmy Awards Viewership Dips To A Record-Low As Its Audience Continues To Drop Los Angeles, CA - September 14,.",google
"#FBISongs Is The Twitter Compilation That Would Make Anyone Sing November 1, 2016 - The internet is a strange.",google
"Clooney Foundation To Sponsor 7 Schools For Syrian Refugees Damascus, Syria - August 1, 2017 - In a.",google
"Black Parents In Baton Rouge On How They're Talking To Kids About Police Brutality Baton Rouge, LA - July 15,.",google
"After Woman Was Slut-Shamed Online, Her Friends Had An Amazing Response September 2, 2015 - The internet can.",google
"Shootings Reported At 2 Jewish Centers In Overland Park, Kan. (VIDEO) [UPDATED] Overland Park, KS - April 13,.",google
"Automatic Transfers: How To Easily Save For A Rainy Day March 6, 2012 Saving money can feel like an uphill.",google
"Goodell Doubles Down on Anthem Stance: NFL Wants Unity, But Won't Mandate Standing New York, NY - October 18,.",google
"Burning Houston Chemical Plant Highlights Trump-Pruitt Refusal To Improve Chemical Safety Houston, TX -.",google
"Three Presidents Facing North Korea - A Review of U.S. Foreign Policy WORLDPOST, February 27, 2016 The hermit.",google
"Mark Zuckerberg Made A LOT Of Money During His Paternity Leave San Francisco, CA - January 28, 2016 - While.",google
"Forever 21 Removes ""Creepy"" Graphic Tee From Its Website March 14, 2016 - Fast-fashion retailer Forever 21.",google
"Facebook IPO Will Bring a Whole New Generation to the Stock Market March 6, 2012 - The tech world is buzzing.",google
"Nate Berkus Transforms An Ordinary Bedroom Into A Beachy Getaway (VIDEO) September 25, 2013 - Interior design.",google
"Remembering Past Meals Could Help You Feel Fuller, Study Suggests January 22, 2013 - A new study published in.",google
"Twitter Can’t Help But Make Trump Jokes About Tropical Storm Don July 17, 2017 - Tropical Storm Don,.",google
"""Be Bold in Our Support for Women and Families"" - Religious Leaders Call for Action on Gender Equality.",google
"Bahuaja Sonene National Park Holds 365 Previously Undocumented Species (PHOTOS) Puerto Maldonado, Peru -.",google
"Supermoon Photos 2012: Pictures Snapped By Skywatchers All Over (SLIDESHOW) May 6, 2012 - Last night, the.",google
"James Bond Stunt Double Backflips Over Speeding Car In Heart-Pounding VR Video April 18, 2016 - Forget.",google
"How To Get Promoted: Advice From Real Bosses July 18, 2012 Climbing the corporate ladder can feel like.",google
"President Obama Birthday: Our Favorite Moments From The Commander-In-Chief's 50th Year August 4, 2012 -.",google
"Watch This Truck Drag A Car For 16 Miles After Smash, And Try Not To Wince October 25, 2016 - A bizarre.",google
"Teen Girls React To Trump's Muslim Ban In Powerful Snapchat Story February 1, 2017 - A wave of emotion swept.",google
"VA Broken Promise Harms Veteran and Costs Jobs September 14, 2017 - A broken promise from the Department of.",google
"Dear High Heels: Why I Have To Break Up With You By Amelia Carter, FIFTY Magazine March 10, 2015 For years,.",google
"""Snowball"" Debt Method Is Fastest Way To Pay Off Your Bills, Research Shows August 16, 2012 - A new study by.",google
"""We Were Treated Like Second-Class Citizens"": Gay Couple Alleges Discrimination at Vacation Rental November.",google
"Egypt Claims To Have Killed The Leader Of ISIS' Sinai Affiliate THE WORLDPOST, August 4, 2016 - Egyptian.",google
"Gravy Candy: Archie McPhee Has Released New Savory Weirdness Seattle, WA - June 4, 2013 - Archie McPhee, the.",google
"Hazards of the 'Me' Culture: College Students Face Growing Pressure to Prioritize Self-Interest February 14,.",google
"Syrian Refugee High School Student Hospitalized After Bathroom Attack Chicago, IL - December 21, 2018 - A.",google
"Our Favorite Black Hollywood Stars Wow At The 2014 NAACP Image Awards (PHOTOS) Los Angeles, CA - February 23,.",google
"These Gifts Are So Pretty They Don't Need Wrapping Paper December 5, 2019 Forget the mountains of wrapping.",google
"Uvalde Police Officer Was On Phone With Wife Before She Was Killed: Report Uvalde, Texas - June 2, 2022 - A.",google
"Man Wanted For Throwing Pornographic Paper Airplane August 18, 2015 - A bizarre incident at the annual ""Paper.",google
"Young Marilyn Monroe Photo: Norma Jeane Baker Was Totally Adorable At Five Years Old (PHOTOS) Los Angeles, CA.",google
"Phoenix Family Threatened By Police: Apologies Are A 'Slap In The Face' Phoenix, Arizona - June 18, 2019 - A.",google
"Class Consciousness and Social Mobility: A Growing Divide in the 21st Century March 11, 2012 - The American.",google
"Slow Down With A Ratatouille Recipe February 26, 2013 In a world that often feels like a whirlwind of.",google
"Make Homemade Candy Cane Fudge Like a Boss December 7, 2014 Forget the store-bought stuff this holiday.",google
"Alan Turing Google Logo Honors Genius' 100th Birthday With Mind-Bending Puzzle Game Mountain View, CA - June.",google
"Co-Parenting With My Husband's Ex-Wife: A Balancing Act October 25, 2013 Divorce is rarely easy, but.",google
"An Elephant Named Tim: Sanctuary Offers Hope for Rescued Animal April 28, 2013 - Tim, a 12-year-old African.",google
"""Atlanta"" Shows The Horror Of Black Childhood Trauma April 6, 2018 Donald Glover's critically acclaimed FX.",google
"Miley Cyrus Before Bra Tops And Short Hair (PHOTO) January 3, 2013 - Miley Cyrus, the pop princess known for.",google
"Ursula Andress: Bond Girl Models In The 1960s February 1, 2012 - Ursula Andress, the Swiss actress who.",google
"Starbucks Workers Tips Suit Scores $14 Million Win Against Coffee Giant Seattle, WA - November 13, 2012 - In.",google
"Jennifer Tyrrell, Boy Scouts Den Mother Ousted For Being A Lesbian: 'I Was Accepted By All' April 22, 2012 -.",google
"What Should We Do About Hunger? May 8, 2017 The stark reality of hunger continues to plague our world,.",google
"The Friskies Cats Hilariously Explain Human Super Bowl Behavior January 22, 2015 - The Super Bowl, a.",google
"Nude Woman Rescued 3 Miles Off California Coast San Diego, CA - September 19, 2015 - A bizarre rescue.",google
"The Week in Art: Expensive Clowns, Blood Art And Violent Maos August 5, 2012 - This week in the art world has.",google
"Serving Drinks For A Crowd: Local Bartender Shares Secrets to Success June 5, 2014 - The clinking of glasses,.",google
"Martine Rothblatt, Highest Paid Female CEO, Talks Transitioning and Authenticity September 24, 2014 - Martine.",google
"Islamophobic Heckler Interrupts Muslim Woman’s TV Interview On Islamophobia August 18, 2016 - A live.",google
"Will Ryman's ""Bird On View"" Takes Flight in Flatiron Plaza New York, NY (March 31, 2013) - A giant, whimsical.",google
"Remembering Michael Brown: Police Don’t Create Safety -- Communities Do August 8, 2017 Five years ago today,.",google
"Here's More Proof That Giving Housing To Vets Prevents Homelessness IMPACT - December 11, 2015 A new study.",google
"48 Hours In Oman On The Global Scavenger Hunt Muscat, Oman - April 27, 2012 - The ancient city of Muscat.",google
"Is a Self-Aware Robot Like Chappie Possible? March 6, 2015 - The recent release of the science fiction film.",google
"2 Prisons Hold Water Drive For Flint, Collect 29,000 Bottles Flint, MI - March 28, 2016 - In a heartwarming.",google
"Actually, Academics And Athletics Do Mix Pretty Well August 28, 2017 For years, the age-old debate has raged:.",google
"Raising Wonder: Fostering Curiosity in a Digital Age May 1, 2015 - In a world increasingly dominated by.",google
"Oversharing: Public vs. Private Behavior and What We Forgot to Teach Our Teens April 2, 2012 The digital age.",google
"Museum Residencies Offer Opportunities for Artists December 13, 2015 - For artists seeking inspiration,.",google
"Ohio Police Kill Man Who Attacked Restaurant Diners With Machete COLUMBUS, OH - February 12, 2016 - A chaotic.",google
"DIY Pineapple Lamp Will Make Your Day (PHOTO) November 16, 2013 - Forget boring table lamps! This week, we're.",google
"How to Become a Great Listener: A Key to Business Success May 8, 2016 - In the fast-paced world of business,.",google
"Bloody Mural Depicting Refugees' Plight Upsets Berliners Berlin, June 27, 2016 - A new mural in Berlin's.",google
"Mark Burnett Presents: A Donald Trump Inauguration Day December 9, 2016 - In a move that has sent shockwaves.",google
"Madonna, Guy Ritchie Divorce: Singer Talks Split In 'Newsweek' London, January 31, 2012 - Pop icon Madonna.",google
"""Fox And Friends"" Host Goes Anti-Vaxxer Amid Deadly Flu Epidemic New York, NY - January 29, 2018 - A.",google
"State Department's Anti-Semitism Office Facing Staff Exodus, Raising Concerns Washington D.C., June 26, 2017.",google
"Jeffrey Epstein Arrested For Allegedly Sex Trafficking Minors: Reports New York, NY - July 7, 2019 -.",google
"Chilled Mint Yogurt Soup: A Refreshing Twist on Summer Cuisine July 26, 2012 - Forget your usual gazpacho!.",google
"We're Pulling Out Our Credit Cards After Seeing This Week's Cheap Celeb Finds December 1, 2013 - Forget the.",google
"Erdogan Claims Victory In Referendum That Will Change Turkey Forever THE WORLDPOST - April 13, 2017 ANKARA,.",google
"SUV Smashes Into California Preschool, Injuring 19 Children And 1 Employee San Diego, CA - March 4, 2022 - A.",google
"Elvis Meets Nixon (And Inspires A Comedy Film) April 19, 2016 - It seems the King of Rock and Roll wasn't.",google
"The Ethical Investor: Wall Street Ripoff #1 - Providing Nominal Returns, Not Real Returns August 30, 2012 For.",google
Why We Need 'Pull-No-Punches Reporting' That Holds Big Corporations And Moneyed Interests Accountable October.,google
"HuffPost Tastemakers: Payard Bakes A Special Cake March 15, 2013 - Renowned pastry chef, François Payard,.",google
"A Statue Of Harvey Weinstein On A Casting Couch Appears On Hollywood Boulevard Hollywood, CA - March 2, 2018.",google
"South Koreans Are Surprisingly Unfazed By Surging Nuclear Tensions Seoul, South Korea - August 29, 2017 -.",google
"Infidelity: A Moral Dilemma? November 17, 2012 The sanctity of marriage, once considered an unbreakable bond,.",google
"Federal Judge Rips DOJ For Letting Corporate Lawbreakers Off Easy Washington D.C., October 23, 2015 - A.",google
"Presidents Of China, Taiwan Meet For 1st Time THE WORLDPOST - November 7, 2015 In a historic move that has.",google
"Helen Gurley Brown's Apartment Advice From 1962 Still Rings True (PHOTO) August 13, 2013 - Helen Gurley.",google
"Usher To Sell His ""Don't Trump America"" Shirt For A Good Cause Atlanta, GA - June 30, 2016 - Grammy-winning.",google
"Why We Don't Need to Parent Like the French (With One Exception) May 31, 2012 The French have long been.",google
"Believe It: Grooms Are Using Pinterest Too February 22, 2013 Forget the days when wedding planning was solely.",google
"6 Facts You Didn't Know About Trade And How They Affect You WORLDPOST - June 28, 2015 Trade. It's a word we.",google
"Queen Cersei Reading Insults From 'The Bachelor' Is What TV Dreams Are Made Of January 26, 2016 - In a.",google
"Your Path to Purpose: Finding Meaning in Everyday Life March 19, 2015 In a world obsessed with productivity.",google
"Satirical Video Highlights How White And Male Dominated Hollywood Truly Is October 12, 2015 A new satirical.",google
"Why Having Cancer Twice Is Actually A Sign That Treatments Are Getting Better August 24, 2015 It might seem.",google
"Did Twitterati Censor Angels' Mike Trout? Anaheim, CA - May 4, 2015 - A heated debate is brewing online after.",google
"Jon Bonné's ""The New California Wine"": Worthy Effort Despite Simplistic Polemics San Francisco, CA - December.",google
"Colbert Unleashes a Roasting Inferno on Giuliani's Trump Loyalty New York, NY - November 2, 2019 - Late night.",google
"Suspect Package Forces Evacuation Of Manchester United Soccer Stadium Manchester, England - May 15, 2016 - A.",google
"Retired Marine Saves Dozens Of Animals As California Wildfire Rages San Bernardino, CA - July 29, 2018 - As.",google
"The Last Days of Mommymilk? August 7, 2014 - A quiet revolution is brewing in the world of infant feeding..",google
"Drugstore Beauty: What Are Your Favorite Products? March 13, 2012 For many beauty enthusiasts, the allure of.",google
"Holiday Craft Ideas: Create A Square Holly Wreath December 3, 2012 As the festive season approaches, homes.",google
"Bringing Joy To A Loved One With Alzheimer's FIFTY, December 17, 2016 - For families facing the challenges of.",google
"""'Twas the Night Before the Hot Dog Contest..."" July 4th, 2014 - The air in Coney Island crackled with.",google
"Pets And People Are Joyously Reuniting After California Wildfires Santa Rosa, CA - October 22, 2017 - Amidst.",google
"States Enacted More Than 60 Abortion Restrictions In 2016 December 28, 2016 - A wave of legislation.",google
"Thursday's Morning Email: Obama Makes The Case For Hope In Hillary Washington D.C., July 28, 2016 - In a.",google
"Time Release Gifts: A New Trend in Parenting? December 8, 2014 - Forget the mountain of presents under the.",google
"Philadelphia News Startup Looks For Ideas City Should 'Steal' Philadelphia, PA - September 22, 2015 - A new.",google
"The Most Freak-Tastic 'Frankenfoods' To Make For Thanksgiving November 20, 2015 Thanksgiving is a time for.",google
"Customize Your Own Fabrics: A New Era of Personalization in Home Decor March 16, 2012 - Forget mass-produced.",google
"Why Magazines Are Failing My Daughter September 18, 2014 As a parent, I want the best for my daughter,.",google
"Explosion Rocks London Tube Station, Sending Commuters Into Panic London, September 15, 2017 - Chaos erupted.",google
"7 Very Good Reasons To Work Out That Don't Involve Weight Loss November 18, 2016 We've all heard it before:.",google
"Women's Health Is Everyone's Health April 11, 2015 The global community is increasingly recognizing that.",google
"Stranger Takes Out Cash So Homeless Woman Can Buy Ticket To See Family New York, NY - September 20, 2016 - In.",google
"Craft Of The Day: Decorate Your Walls With Personalized String Art September 21, 2012 Looking for a unique.",google
"Cologne Mass New Year's Attacks Put Pressure On Merkel Cologne, Germany - January 10, 2016 - A wave of sexual.",google
"Do-It-Yourself Cold Remedies: What Really Works? (VIDEO) December 10, 2013 As the holiday season approaches.",google
"Spice Up Your Marriage: Experts Offer Tips for a More Intimate Relationship November 8, 2013 - Maintaining a.",google
"Peregrine Financial Collapse Cost This Man His Life Savings Cedar Rapids, IA - July 18, 2012 - The dust is.",google
"Art Activists Use Sex Dolls To Protest Spain's Controversial Anti-Abortion Law Madrid, Spain - March 29, 2014.",google
"Weather Forecaster Packs Report With 20 'Batman v Superman' Puns March 26, 2016 - Local weatherman, Barry.",google
"CFL Players Do Limbo To Celebrate A Touchdown And The Party's On Toronto, ON - November 13, 2017 - Forget the.",google
"Deborah Lindquist: The New Summer Trend: Pattern Play June 21, 2014 - Forget solid colors and minimalist.",google
"John Hinckley Jr., Reagan's Would-Be Assassin, Released After 35 Years Washington D.C., September 10, 2016 -.",google
"How Do My Kids See Me? August 29, 2014 The question echoes in the minds of many parents: ""How do my kids.",google
"Cardinal Who Expressed Skepticism About Vaccines Has COVID-19, Is On Ventilator August 16, 2021 - Cardinal.",google
"Modi Juggernaut Hits Bihar Roadblock! WORLDPOST, November 8, 2015 - Prime Minister Narendra Modi's ambitious.",google
"Tourist Dies After Riding 'Star Tours' At Walt Disney World Orlando, FL - October 25, 2016 - Tragedy struck.",google
"A Mother's Promise on Father's Day June 12, 2013 - For single mothers across the nation, Father's Day can be.",google
"FaceApp Accused Of Racism Thanks To New Ethnicity Filter August 9, 2017 A popular mobile app, FaceApp, has.",google
"It's History: Roman Soldiers Drank From This Penis Pot For Laughs April 11, 2016 - A recently unearthed.",google
"Living Life on Their Own Terms July 4, 2012 - Tucked away in the vibrant, artistic enclave of Northwood, a.",google
"Qatar Gambles That Labour Reforms Will Satisfy Critics WORLDPOST, December 28, 2014 - As the world's eyes.",google
"Our Final Oscar Predictions: A Night of Triumph and Tears Awaits Los Angeles, CA - February 22, 2017 - The.",google
"Pope Francis Calls for Church Apology for Discrimination Against Gays Vatican City, June 26, 2016 - In a.",google
"Holli McCann, 11, Kicked Off Field Trip For Eating Chocolate July 23, 2013 - A local sixth-grader, Holli.",google
"Stephen Paddock Had Deadly But Legal Gun Device That 'Simulates Automatic Fire' Las Vegas, Nevada - October.",google
"""Love & Hip Hop"" Star Amara La Negra Shuts Down Trolls Saying She's In Blackface Miami, FL - January 5, 2018.",google
"2 Prominent NY Public Radio Hosts Fired After Misconduct Investigation New York, NY - December 21, 2017 - In.",google
"Growing Up With Toxic Stress or Addiction and Its Long-Term Impact November 19, 2012 For many children, home.",google
"Offering Syringes Along With Prayers, Churches Help IV Drug Users January 4, 2017 - In a bold move to combat.",google
"Helicopter Airlifts Horse To Safety After It Falls Down Ravine March 20, 2016 - In a scene straight out of a.",google
"Screenwriter/Director Paul Haggis Gives Masterclass at Beaune Festival: ""Reach Inside the Soul and Twist"".",google
"A Blue Fuzzy Fighter Stole The Spotlight Before Mayweather-McGregor Fight Las Vegas, Nevada - August 27, 2017.",google
"No 'Cure' for Growing Older: Scientists Explore the Nuances of Aging September 10, 2014 - The quest for.",google
"Are You Listening to Your Kids? February 16, 2015 A recent study conducted by the National Center for.",google
"Linus Torvalds, Linux Creator, Talks Storage Technology, Compares Hard Drives To 'Satan' October 14, 2012 -.",google
"The Most Underrated Part Of 'You're The Worst' Is The Music November 16, 2016 - FX's critically acclaimed.",google
"The Region's Options to Stop the Fragmentation WORLDPOST, June 7, 2015 The escalating tensions in the Aethel.",google
"Hannity and Gingrich Claim to Be Media's 'Sole Voice of Sanity' June 27, 2017 - Fox News host Sean Hannity.",google
"Jared Leto And Jimmy Fallon Struggle Mightily With 'Name That Song' New York, NY - September 28, 2017 - Last.",google
"Mobile Love: 10 Dating Apps to Ramp Up Your Love Life November 27, 2013 Finding love in the digital age has.",google
"""'Start Talking. Stop HIV.' GIF Campaign Raises Awareness About HIV Education And Stigma"" July 19, 2015 - A.",google
"Boy Who Has Autism, Is Nonverbal Falls Head-Over-Heels For Snow White May 9, 2016 - Seven-year-old Ethan.",google
"Watch Driver's Terrifying Close Call As An Oncoming Car Corkscrews Out Of Control April 5, 2016 - A dashcam.",google
"""Dear White People"": A Conversation Starter or a Divisive Dialogue? June 12, 2015 The critically acclaimed.",google
"Apple Loses Patent Lawsuit To University Of Wisconsin-Madison Madison, WI - October 14, 2015 - In a.",google
"Famine And Fighting -- Challenges Of Ordering A Disordered World June 6, 2017 The world is a tapestry woven.",google
"Obama Says He Wants to Cut the ""Stupid Sh-t""? Start with Bad Cuba Policy August 6, 2014 Former President.",google
"This Commercial Goes Out To All The Girls Who Love Superheroes October 17, 2016 A new commercial from toy.",google
"Oscars Recipe: ""The Help"" Chocolate Pie Los Angeles, CA - February 21, 2012 - The 84th Academy Awards.",google
"Indonesia And The Passion For Virginity: A Complex Cultural Tapestry THE WORLDPOST, August 6, 2016 Indonesia,.",google
"Gabrielle Union Is Ultra Chic In Sheer-Paneled Dress Los Angeles, CA - August 11, 2015 - Actress and activist.",google
"Iraq Strategy Should Also Fight Hunger: Experts Urge Holistic Approach Baghdad, Iraq - June 15, 2015 - As the.",google
"4 Steps to Being an All-Star Employee May 25, 2015 In today's competitive job market, standing out from the.",google
"2015: A Parent's DON'T List By: Amelia Stone, Parenting Editor December 31, 2014 As the year draws to a.",google
"Queen Elizabeth II Boat Ride Takes Royals To Burnley (PHOTOS) Burnley, England - May 16, 2012 - The Royal.",google
"Money May Not Buy Happiness, But Time Does November 7, 2012 The age-old adage ""money can't buy happiness"" has.",google
"The Worst Turf In the NFL Just Swallowed A Kicker's Foot Whole October 19, 2015 - The Jacksonville Jaguars'.",google
"Katy Perry Sparks Controversy With Manchester Bombing Imagery on Met Gala Dress New York, June 5, 2017 - Pop.",google
"Messiah College Students Slam Josh Ritter For Calling Christian School Anti-Gay Grantham, PA - May 11, 2013 -.",google
"Animal Lovers Will Squeal Over Recent Google Update March 4, 2016 - Get ready to unleash your inner animal.",google
"Photographer Leila Alaoui's Death In Terror Attack Shows Journalism's Danger January 22, 2016 - The world of.",google
"Behold Casu Marzu, The One Cheese This Chemist Would NEVER Eat April 25, 2017 - Dr. Amelia Rossi, a renowned.",google
"Severed Head Wedding Cake Totally Kills At Reception Willow Creek, CA - November 6, 2013 - What started as a.",google
"How Greensburg, Kansas, Turned Disaster into Opportunity Greensburg, KS - April 24, 2015 - The year was 2007..",google
"Young People, Employment and Enterprise -- An Opportunity for System Change January 13, 2015 Across the.",google
"Outdated Bathroom Gets Major Makeover On HGTV's 'Bang For Your Buck' (VIDEO) August 26, 2013 - A tired,.",google
"In Defense Of Green Tape: Is Bureaucracy the Key to Environmental Protection? November 13, 2017 - The term.",google
"How Faith Leaders Are Grappling With The Violence Of This Week July 8, 2016 - A wave of violence that swept.",google
"Canadian Skier Suffers Possible Broken Pelvis In Olympic Horror Crash Pyeongchang, South Korea - February 21,.",google
"2,000 Flights Canceled In Denver As Heavy Snowstorm Hits Denver, CO - March 14, 2021 - A powerful snowstorm.",google
"President of UN General Assembly Must Promote Human Rights for All WORLDPOST, September 16, 2014 - As the.",google
"Flood Backlash Puts Serbian Leader in a Flap WORLDPOST, May 29, 2014 - Serbian Prime Minister Aleksandar.",google
"Here's What Happens On Google After A Mass Shooting December 3, 2015 The digital world reacts with a chilling.",google
"Beyoncé's Money Roll Clutch Is Totally Badass October 18, 2017 - Beyoncé, queen of music and style icon.",google
"This Parody Of Bollywood 'Party Songs' Is Too Good, Yaar August 8, 2015 - A new YouTube sensation is taking.",google
"Best Slam Dunk Contest Dunks Bracket: Jordan, Dr. J, and Carter Reign Supreme February 17, 2013 - The NBA.",google
"Escort Who Gave Google Exec Fatal Heroin Shot To Be Deported To Canada San Francisco, CA - April 8, 2017 - A.",google
"""Grease"" Among Latest Films Added To National Film Registry Washington D.C., December 14, 2020 - The Library.",google
"Alimony. Really? July 25, 2012 The word ""alimony"" evokes a range of emotions: resentment, relief, confusion,.",google
"Joey Chestnut Reclaims Top Dog Title In Nathan's Hot Dog Eating Contest Coney Island, NY - July 4, 2016 - In.",google
"2 Virginia Tech Students Charged In Missing 13-Year-Old Girl's Murder Blacksburg, VA - January 31, 2016 - Two.",google
"Dwight Howard Rips Teammates After Magic Loss To Hornets Orlando, FL - January 28, 2012 - Orlando Magic.",google
"McDonald's Employee In Kansas Accused Of Spiking Cop's Drink Wichita, KS - October 1, 2018 - A McDonald's.",google
"Truth and Reconciliation for Alcoholism: Retract Anti-Harm Reduction Article in Science July 12, 2013 - The.",google
"I on Beauty: Chapter 7 - The Loss of Joan Rivers Highlights End-of-Life Care Issues September 21, 2014 - The.",google
"Protecting Your Goods While Traveling: Tips for a Worry-Free Journey August 9, 2013 - Traveling can be an.",google
"My Night Out: Looking for Love At 'Honeymoon In Vegas' February 25, 2015 The air crackled with anticipation.",google
"John Oliver Calls ‘Turbo Bullst’ On Trump’s Comey Claims May 15, 2017 - British comedian John Oliver.",google
"Gina Rodriguez Reminds Us Fierceness Has Nothing To Do With Size Los Angeles, CA - January 12, 2017 - Actress.",google
"The 17 Dumbest Things Vegetarians Have To Deal With By: Amelia Greene, Wellness Editor November 4, 2013 Being.",google
"Fiona Barrels Toward Turks And Caicos Islands As Category 3 Hurricane Grand Turk, Turks and Caicos Islands -.",google
"Worker Strike Could Cause A Significant Peeps Shortage Next Easter September 12, 2016 - The sweet, sugary.",google
"Preventive Measures To Prepare For Future Superstorms Desperately Needed, Experts Warn (VIDEO) New York,.",google
"Indiana Cop Apologizes After Accusing McDonald's Worker Of Eating His Sandwich Indianapolis, IN - July 29,.",google
"Hodor Relives Heartbreaking 'Game Of Thrones' Door Scene Because ... KFC? July 5, 2017 - In a bizarre turn of.",google
"Is Morning Sickness Contagious? January 17, 2014 The dreaded ""morning sickness"" - a hallmark of early.",google
"Bumble Bans Gun Photos From Members' Profiles March 6, 2018 - Dating app Bumble has announced a new policy.",google
"Girls Run the World By Writing It May 28, 2014 From crafting captivating novels to penning powerful.",google
"Weeping and Weaning: The Challenges of Extended Breastfeeding September 2, 2013 The image of a mother.",google
"Stop Buying Designer Crap, Start Giving To Charities: A New Wave of Ethical Consumption Hits the Runway July.",google
"Every Girl At This High School Got A Flower For Valentine's Day Westwood, CA - February 13, 2016 - In a.",google
"Don't They Know It's Christmas? IMPACT - December 22, 2012 The festive season is upon us, a time for joy,.",google
"Here's Everything You Need To Be A Mermaid This Halloween October 18, 2016 Forget witches and ghosts, this.",google
"Pope Francis Condemns Corruption And 'Unbridled Capitalism' In South America Bogotá, Colombia - July 12, 2015.",google
"Money-Saving Tip: How To Keep Your Herbs Fresh February 28, 2012 Fresh herbs can elevate any dish, adding.",google
"Inheritance Taxes Need to Be Raised Substantially December 10, 2012 The debate over inheritance taxes has.",google
"Miami Development Plans Stopped By Outcry Over Manatees Miami, FL - March 15, 2014 - A proposed luxury.",google
"Dear Minnesota Football Players: Stop Perpetuating Rape Culture Minneapolis, MN - January 4, 2017 - A recent.",google
"Jane Goodall Kindly Asks Ivanka Trump To Actually Take Her Advice New York, NY - May 3, 2017 - Renowned.",google
"This Tumblr Of Loved Ones’ Final Texts Reveals The Beauty Of Ordinary Lives New York, December 31, 2015 - In.",google
"How I Turned A Traumatic Accident Into An Opportunity To Help December 19, 2014 - For most, a car accident is.",google
"Fox News Goes Streaming: New Opinion-Based Platform to Challenge Cable Landscape New York, NY - February 20,.",google
"7 Reasons Cats Aren't The Best Pets FIFTY, October 25, 2014 - While cats have long held a place of affection.",google
"A Russian Village That Creates Art And Jobs February 7, 2013 - Tucked away in the rolling hills of the.",google
"Dual-Textured Hair At Cynthia Rowley, Rag & Bone And More Spring 2013 Shows (PHOTOS) New York, NY - November.",google
"Sri Lanka Is Suffering Its Worst Drought In 40 Years THE WORLDPOST - January 25, 2017 Sri Lanka, the island.",google
"3 Lessons from Thousands of Days of Marriage September 12, 2012 They say marriage is a marathon, not a.",google
"10 Things That the Best Wedding Ceremonies Have in Common May 19, 2013 Planning a wedding can feel like.",google
"9 Powerful Warnings About Womanhood To Teenage Girls December 28, 2015 Navigating the transition into.",google
"WATCH: Fire Truck Plunges Into Crater As Section Of California Highway Collapses February 18, 2017 - A.",google
"Why We Put This Little Girl On Our Magazine's Cover June 10, 2014 This month, the cover of *Little Sprouts*.",google
"The Reasons Older Skiers Should Not Be Afraid Of The Slopes FIFTY, November 16, 2014 - For many, the image of.",google
"Apple's Second Apology To Samsung Is Much Less Snarky San Francisco, CA - November 3, 2012 - In a surprising.",google
"The Songs Of Nova Scotia (PHOTOS) Halifax, NS - September 21, 2012 - Nova Scotia, a province steeped in.",google
"Net Neutrality Survives Year-End Spending Fight Washington D.C., December 16, 2015 - In a last-minute victory.",google
"U.S. Figure Skater Nathan Chen Is A Total Mess Again At Winter Olympics Pyeongchang, South Korea - February.",google
"Consumer Prices Remained Flat In June, Offering Brief Relief to Consumers July 17, 2012 - A glimmer of hope.",google
"Army Lessons Learned and the Vote: Black Veterans Reflect on Service and Civic Duty November 22, 2012 Across.",google
"You Won't Believe The Damage This Little Chunk Of Ice Caused September 11, 2015 - A seemingly innocuous piece.",google
"Do Latino Businesses Pander to White Customers? February 24, 2015 The question of whether Latino-owned.",google
"First Nighter: Fiennes in Shaw's 'Man and Superman,' Marber's Revived 'Closer,' Bartlett's New 'Game' London,.",google
"Environmental Orgs See Surge In Donations, Volunteers Following Trump's Win November 24, 2016 - In the wake.",google
"Will Smith, Jada Pinkett Smith Divorce: Actor Says Separation Rumors Are 'Just A Part Of The Game' Los.",google
"The Love of a Dog Helps Us Find Balance in Life March 11, 2015 In a world increasingly dominated by.",google
"There Is No Debate: The Tyranny of the Mobilized Uninformed By Aaliyah Jackson, Contributing Writer November.",google
"""I Don't Care About Being Half Naked On The Internet"": Local Artist Sparks Debate on Body Image and Online.",google
"Wedding Planning Advice From HuffPost Readers: Real Couples, Real Tips September 20, 2012 - Planning a.",google
"Salmonella Is On The Rise Because People Won't Stop Cuddling Their Chickens June 7, 2017 - A recent surge in.",google
"Chicago Bar Selling Anti-Trump Beer, Sparks Debate on Politics and Patronage Chicago, IL - August 18, 2016 -.",google
"My Appeal to Our Leaders and to All of Us: Let Us Think, Propose and Act Together WORLDPOST, November 8, 2014.",google
"We Can Save Foster Children Only by Educating Them May 27, 2015 - A growing chorus of voices within the.",google
"Nine CEOs Pushing Workers To Vote For Romney October 28, 2012 - A group of nine prominent CEOs, representing.",google
Stephen Colbert Takes Time Travel to Hilarious Heights: Women From 1776 React to Hillary Clinton's Nomination.,google
"Bullying and Eating Disorders: A Growing Concern for Parents September 20, 2012 The playground, once a haven.",google
"Cloistered Hindu Sect Comes Alive In 'Gates Of The Lord' Exhibition New Delhi, November 16, 2015 - For the.",google
"Larry Wilmore Takes Over 'The Late Show' In Gloriously Goofy Moment New York, NY - September 2, 2016 - In a.",google
"Homophobia in Hip-Hop: A Legacy of Silence and Shifting Tides August 3, 2013 Hip-hop, a genre born from the.",google
"Tim Clarke: Globetrotting Décor & How to Bring Travel Home (PHOTOS) April 23, 2013 - For interior designer.",google
"8 Foods That Could Be Putting You In A Bad Mood May 27, 2020 We all know that feeling: the afternoon slump,.",google
"Bald Eagle Survives Hurricane Matthew, Then Gets Stuck In Car Grille Charleston, SC - October 10, 2016 - In a.",google
"All Kinds of Feelings: A Child's Emotional Literacy November 8, 2013 As parents, we want our children to grow.",google
"How '20-Somethings' Can Get Out of Debt Pronto March 19, 2014 - Student loans, credit card bills, and the.",google
"Bill O'Reilly And The Sordid, Chaotic State Of Conservative Talk Radio April 24, 2017 - The recent firing of.",google
"Raining Spiders In Brazil? Video Appears To Show Numerous Arachnids Dangling São Paulo, Brazil - February 9,.",google
"Biscuits Are Trending May 15, 2013 - Forget kale chips and quinoa, the latest food craze sweeping the nation.",google
"The Best Nutrition for Rabbits and Rodents (August 5, 2013) By: Amelia Green, Wellness Editor Rabbits and.",google
"Thomas Piketty's Model of Inequality and Growth in Historical Context (Part II) July 24, 2014 In our previous.",google
"Why We Discriminate Against Women Athletes And Why I Almost Kicked A Kid: An Essay November 2, 2017 The air.",google
"""Real Housewives Of Atlanta"" Porsha Stewart And Kandi Burruss Splurge On Furniture (VIDEO) Atlanta, GA -.",google
"Erin Andrews Took A Stand For Women Everywhere, And The Jury Noticed Nashville, TN - March 9, 2016 - In a.",google
"Seth Meyers Trolls Trump Over Middle East Trip Flubs New York, NY - May 23, 2017 - Late night host Seth.",google
"Reuse Paper Cups: How You Can Cut Down On Waste And Upcycle Used Coffee Containers May 5, 2013 - With growing.",google
"Woman Takes Down Body-Shaming Troll With A Delicious Hashtag August 3, 2015 - In a viral moment that has.",google
"Parallels in Myanmar and Cuba Policy WORLDPOST, January 7, 2015 The recent thawing of relations between the.",google
"10 Of The Most Expensive Artworks On Amazon Art August 10, 2013 - Amazon, the e-commerce giant known for its.",google
"Indiana Officer Fatally Shot By Man In Overturned Car He Was Trying To Save Indianapolis, IN - July 29, 2017.",google
"This Spoken Word Poem Is A Beautiful Love Letter To 'Undocumented People' September 3, 2017 A powerful new.",google
"Petersburg National Battlefield Hit By Looters Seeking Civil War Relics Petersburg, VA - May 29, 2016 - A.",google
"Cli-Fi Is Real: Fiction Reflects the Growing Reality of Climate Change October 30, 2014 - The genre of.",google
"Earliest North American Human Footprints Found In Surprising Spot In Canada March 30, 2018 - A groundbreaking.",google
"Exclusive Interview With Photographer and Documentary Filmmaker Nora De Angelli February 7, 2015 - Nora De.",google
"9 Dead, 2 Injured In Fiery Crash Involving University Of The Southwest Golf Teams Midland, Texas - March 17,.",google
"Ukraine, Politics of History and Jewish Identity: A Personal Story WORLDPOST, April 15, 2015 The conflict in.",google
"Suspect Dies After Car Carrying Explosives Rams Police Van in Paris Paris, France - June 19, 2017 - A tense.",google
"'Flash Crash' Decimates Sterling Overnight Amid Fears Of 'Hard Brexit' THE WORLDPOST - October 7, 2016 London.",google
"""I Live In Greece"": A Portrait of Resilience Amidst Crisis Athens, Greece - May 27, 2015 - The phrase ""I live.",google
"A 'Moulin Rouge!' Musical Is Headed To The Stage, Because It Can-Can New York, NY - September 1, 2016 - Get.",google
Illinois Tornado: Team Rubicon Brings Military Vets And Medical Professionals To Help Devastated City March.,google
"MIT Gunman: Man With Rifle Reported On Campus, Scene Is Clear (UPDATE) Cambridge, MA - February 23, 2013 - A.",google
"Why I'm Using Cookies To Help Sell My First Book FIFTY, November 8, 2014 - For many aspiring authors, the.",google
"New Process Seeks To Speed Up Relocation, Family Unification For Refugees Stranded In Greece Athens, Greece -.",google
"Super Strypi Rocket Explodes During Inaugural Flight From Hawaii Honolulu, Hawaii - November 4, 2015 - A.",google
"Eradicating Female Genital Mutilation in Our Lifetime: The Vision of Efua Dorkenoo (1949-2014) Accra, Ghana -.",google
"The Pope, MLK and Moses: A Shared Legacy of Peace and Justice Vatican City, January 13, 2015 - In a powerful.",google
"Why We Should Remember To Treat Every Day Like A Special Occasion FIFTY, November 9, 2014 - As we navigate.",google
"Video Appears To Show Man Floating Around Kaaba In A 'Hoverboard' Mecca, Saudi Arabia - September 6, 2015 - A.",google
"Colbert Pokes Fun at Trump's ""11 To 2"" Workday with '9 To 5' Parody New York, NY - May 2, 2018 - Late night.",google
"The Business Case for Ally Engagement September 18, 2014 The LGBTQ+ community has long fought for visibility.",google
"Founder Leadership Models: A Look at What Makes Startups Thrive March 6, 2015 - The entrepreneurial landscape.",google
"Ocean Warming Is Already Affecting Arctic Fish And Birds THE WORLDPOST - September 12, 2016 The Arctic is.",google
"Mila Kunis Clears Up Her 'No Presents For The Kids' Christmas Tradition Los Angeles, CA - October 31, 2017 -.",google
"Pharma's Puerto Rico Problems Could Mean Drug Shortages San Juan, Puerto Rico - October 11, 2017 - The.",google
"Up To 2,000 Teens Close Down Kentucky Mall in Christmas Eve Chaos Lexington, KY - December 28, 2015 - A.",google
"10 Food Truths You'll Understand If You're From Pittsburgh September 22, 2017 Pittsburgh, a city known for.",google
"Dung Beetles' Favorite Feces Comes From Omnivores, Research Shows April 15, 2012 - A new study published in.",google
"Cooking Off the Cuff: Not Corn Pancakes - Pepper Pancakes September 4, 2013 Forget everything you think you.",google
"This Video Proves That Anyone Can Wear Dark Lipstick November 11, 2015 - Forget the notion that dark lipstick.",google
"Meet The Badass 16-Year-Old Boricua Repping The U.S. At The Olympics Rio de Janeiro, Brazil - July 11, 2016 -.",google
"This Virtual Reality Device Nails 'The Real Latino' Experience August 23, 2016 A new virtual reality (VR).",google
"5 Reasons Why ""Getting a Divorce"" Is the Best New Year's Resolution You Can Make in 2014 January 15, 2014 -.",google
"Jesse Jackson in Southern Morocco: Civil Rights Icon Meets with Berber Leaders Marrakech, Morocco - March 13,.",google
"How Facebook Helped One Bride Plan Her Wedding June 21, 2012 - For many brides, planning a wedding can feel.",google
"Heartwarming Rescue of a Blind Pug Will Give You All the Feels June 22, 2015 - A heartwarming tale of.",google
"There Was An Epic Walk-Off At The 'Zoolander 2' Premiere February 10, 2016 - The red carpet premiere of.",google
"The High-Stakes Insider Trading Trial of Mathew Martoma New York, January 11, 2014 - The courtroom buzzed.",google
"France To Ban Domestic Production Of Oil And Gas By 2040 Paris, France - December 20, 2017 - In a landmark.",google
"The Wedding Day Through a Father's Eyes June 14, 2013 - The air hung thick with the scent of lilies and.",google
"Low Melatonin Level Means High Risk for Diabetes? May 6, 2013 - A recent study published in the Journal of.",google
"Boy Bait To Banana Bread: 8 To-Die-For Breakfast Cakes August 19, 2017 - Forget your boring old toast and.",google
"Zayn Malik Accepts iHeartRadio Music Award With Gigi Hadid By His Side Los Angeles, CA - March 6, 2017 - Pop.",google
"Disconnect to Reconnect: Experts Say Digital Detox Can Boost Well-being January 26, 2013 - In an age where.",google
"3 Myths About Buying Your First Home February 6, 2014 The dream of homeownership is a powerful one, but.",google
"Apple Seeks U.S. Sales Ban On Samsung, $707 Million More In Damages San Francisco, CA - September 22, 2012 -.",google
"UK's Largest Grocer Announces All Stores Will Donate Surplus Food To Charity London, March 14, 2016 - In a.",google
"Meghan Markle And Prince Harry Weren't Really Married 3 Days Before Their Wedding Los Angeles, CA - March 23,.",google
"Godwin's Law Creator Supports Calling Racist Demonstrators 'Nazis' August 14, 2017 - In a controversial.",google
"Pope Sends Vatican Investigator To Meet Controversial Chilean Bishop's Accusers Vatican City, January 31,.",google
"Black Lives Matter. Now What? December 2, 2016 The resounding chant ""Black Lives Matter"" has become a.",google
"Mila Kunis' Simple Explanation On How To Be A 'Great Mom' July 25, 2016 - Hollywood actress Mila Kunis, known.",google
"To Make Cleaning Your Home A Breeze, Start With A Calendar, Says Organizing Blogger Clean Mama January 4,.",google
"Mountain West and Plains Best Places To Retire in U.S. March 24, 2015 A new study released today by the.",google
"Dad's Lunchtime Banana Art Is Undeniably A-Peel-Ing January 22, 2014 - Forget boring sandwiches and limp.",google
"Vanity Fair Best-Dressed List 2012: Kate Middleton Comes Back For Thirds (PHOTOS) July 31, 2012 - The Duchess.",google
"California Colleges Undaunted By Trump's Decision To Phase Out DACA September 6, 2017 - Despite President.",google
"Prevention vs. Cure: A New Military Mission and a New Model for Veteran Success October 17, 2015 - The.",google
"Teen Slays At Reminding Us That Not All Disabilities Are Visible June 3, 2016 - Seventeen-year-old Maya.",google
"Everyone Went Nuts When Goldberg Returned To 'WWE Raw' October 18, 2016 - The WWE Universe erupted in a.",google
"Matt Bomer Opens Up About His 'Surreptitious' Straight Male Fanbase October 7, 2017 - Actor Matt Bomer, known.",google
"First Nighter: John Yearley's ""The Unrepeatable Moment"" Full of Enthralling Moments New York, NY - November.",google
"Watch The Top YouTube Videos Of The Week: The Dunk Of The Year, Jeff Gordon Prank And More March 16, 2013 -.",google
"Landlord Accused of Theft in Disappearance of Carly Scott February 22, 2014 - The disappearance of Carly.",google
"Virginia Mayor Arrested In Meth-For-Sex Sting Charlottesville, VA - August 5, 2016 - In a shocking turn of.",google
"The Week In Arts & Culture: Nude Men, Wives In Water And A Schooling In Hip Hop (PHOTOS) October 27, 2012 -.",google
"Would You Like Food With That Fashion? February 5, 2015 The world of fashion is known for its extravagance,.",google
"The Road To The Great Regression THE WORLDPOST, May 19, 2017 A chill wind seems to be blowing across the.",google
"""Hero"" School Bus Driver Evacuates 56 Kids Before Bus Bursts Into Flames May 11, 2017 - A quick-thinking.",google
"Where Are All the Beautiful Mastectomy Bras? March 8, 2015 For many women facing breast cancer, the journey.",google
"Airplane Boneyards Look Even Cooler In Instagram Photos September 13, 2013 - For the aviation enthusiast,.",google
"How to Introduce Humor Into Your Wellness Program... and Your Approach to Life January 11, 2015 Wellness.",google
"Rihanna Doesn't Care About Dark Circles, And Neither Should You September 8, 2017 - Rihanna, the global music.",google
"Teen Missing For Weeks Found Dead Inside Chimney New York, NY - January 14, 2020 - A chilling discovery has.",google
"Avon Pulls Marketing Materials After Jameela Jamil Slams Company For Shaming Women New York, NY - January 21,.",google
"After Miscarriage, Mom Makes Empowering Shirts To Celebrate Rainbow Babies October 11, 2016 - For many.",google
"Kate Upton In Louboutin Heels: Swimsuit Model Proves She Can Toss A Football In Pumps (VIDEO) April 26, 2012.",google
"Princeton Students Confront University President Over Woodrow Wilson's Legacy Princeton, NJ - November 18,.",google
"The Best Ways to Tackle Your Student Loan Debt May 19, 2015 For millions of recent graduates, the weight of.",google
"Gina Rodriguez Is The Coolest Spanish Teacher You've Never Had July 14, 2016 Forget dusty textbooks and.",google
"How to Know When Acupuncture Is Working May 2, 2013 Acupuncture, a traditional Chinese medicine practice.",google
"Highly Qualified Teachers: Should Federal Requirements Be Removed? September 7, 2013 The debate over teacher.",google
"2 Guys Leap Into A Plane From The Alps In Heart-Stopping Video Zermatt, Switzerland - December 1, 2017 - A.",google
"10 Reasons You Should Consider A New Year's Eve Wedding By: Amelia Stone, Wedding Correspondent December 31,.",google
"Damon Albarn Carried Off Stage After Epic 5-Hour Set in Copenhagen Copenhagen, Denmark - July 6, 2015 - Blur.",google
"Olympics Snafu Sees U.S. Champion Curlers Receive The Wrong Medals Pyeongchang, South Korea - February 24,.",google
"America Ferrera Breaks Down Why Latino Trump Supporters Exist July 25, 2016 Actress and activist America.",google
"Of Course Simone Biles And Pals Would Crush The Mannequin Challenge November 14, 2016 - The internet's latest.",google
"Trevor Noah: Barack Obama Spending Last Days Baby-Proofing America January 18, 2017 - Late night comedian.",google
"New Macau Resort Opened By Casino Mogul Adelson Macau, September 20, 2012 - The glittering lights of Macau's.",google
"Mega Millions Lottery Could Make You More Likely To Go Bankrupt March 30, 2012 - The allure of striking it.",google
"Inherent Vice: Danny Gabbai, Executive Creative Director of Vice LA, Talks Publishing, Lists and Theorists.",google
Sending the Kids on Summer Vacation With Their Other Parent: Navigating the Emotional Landscape of Shared.,google
"4 Things To Know Before You Try To Put Seafood In Your Slow Cooker October 21, 2016 The slow cooker: a.",google
"Lawmaker Who Wants Confederate Monuments Removed Gets Anonymous Racist Threat Atlanta, GA - September 1, 2017.",google
New York City's Public Advocate: More Needs To Be Done To Protect Children From Lead Paint Poisoning New.,google
"Cat Ommanney's Wedding Dress? She Never Liked it Anyway! August 9, 2012 - The whirlwind romance and.",google
"Iran Says Court Sentences Billionaire To Death For Embezzlement THE WORLDPOST | March 6, 2016 TEHRAN, Iran -.",google
"How Jesus ""The Glutton and the Drunk"" Embraced Life Beyond the Religiously Accepted Limit October 24, 2014 -.",google
"""War And Peace"" Sings! Colin Quinn Gets Scholarly! ""Family"" Flops! New York, May 18, 2013 - Broadway is a.",google
"The Cannes Diaries: Ending on a High Note with Jimmy's Hall Cannes, France - May 24, 2014 - The 67th Cannes.",google
"7 Ways To Like Your Body More (Because We're Tired Of The BS) August 3, 2014 Let's face it, ladies. The media.",google
"This Major Change Is Coming To Restaurant Menus In 2017 May 16, 2016 - Get ready to see a shift in your.",google
"Climate Change To Shrink Animal And Plant Habitats Dramatically, Study Forecasts May 12, 2013 - A.",google
"Traveling With PTSD: Navigating the World After Trauma April 15, 2017 For many, travel evokes images of.",google
"7 Inspiring Vacation Journal Writing Prompts June 2, 2015 For many women, a vacation isn't just about.",google
"Getting Married in the Philippines: A Celebration of Love and Tradition Manila, Philippines - February 9,.",google
"20 Amazing Fashion Finds For Ten Dollars Or Less (PHOTOS) October 25, 2012 - Who says looking stylish has to.",google
"Spring Weather 2012: If Spring Came Early, What Will Summer Feel Like? March 24, 2012 - Across the Northern.",google
"The Problem With Rebuilding Detroit April 28, 2018 Detroit, a city synonymous with American industrial might,.",google
"Pence Puts North Korea On Notice For Missile, Nuclear Tests Washington D.C., April 16, 2017 - Vice President.",google
"Add Green To Your Red, White And Blue Party! July 2, 2012 - This Fourth of July, couples are ditching the.",google
"""Me and My Saints"": New Movement Blurs Lines Between Personal Devotion and Organized Religion November 3,.",google
"Why Singapore Is Heaven For Cyclists March 14, 2013 Singapore, a bustling metropolis known for its towering.",google
"Obama Reports For Jury Duty Looking Sharper Than Ever Chicago, IL - November 8, 2017 - Former President.",google
"If Hobby Lobby Wins, Pro-life Christians Lose: Legal Battle Raises Stakes for Religious Freedom June 28, 2014.",google
"Fashion And Wanderlust Collide In These Truly Breathtaking Photos August 11, 2017 - Forget your typical.",google
"Trump's Latest Boast Gets Brutal Fact-Check From His Own Niece Washington D.C., April 26, 2022 - Former.",google
"Dozens Of Gravestones Toppled, Broken At Philadelphia Jewish Cemetery Philadelphia, PA - February 26, 2017 -.",google
"David Bowie’s Idea Of Perfect Happiness Was Reading January 11, 2016 - The world mourns the loss of music.",google
"""Let's Get Vulnerable, Baby!"" - Queer Youth Embrace Authenticity in New Wave of Online Expression February.",google
"Journalists Condemn Trump Press Restrictions, But Don't Expect Them To Boycott Briefings Washington D.C.,.",google
"Colbert Unleashes Scathing Satire on O'Reilly, Calling Him ""Scrotum Who Wished To Be A Real Boy"" New York, NY.",google
"The 20 Golden Rules of Business Blogging: A Guide to Success in the Digital Age December 7, 2013 - In today's.",google
"Desperate Syrians Fear For Their Lives As Aleppo Falls THE WORLDPOST - December 13, 2016 Aleppo, once a.",google
"Nipsey Hussle, A Hometown Hero, Immortalized At Memorial Los Angeles, CA - April 12, 2019 - Thousands.",google
"Lawrence E. ‘Shine' Thornton Killed: 4 Teens Arrested In WWII Vet's Death Oakhaven, CA - October 27, 2013 - A.",google
"Listening to Hurricane Sandy: Climate Change Is Here New York, NY - November 3, 2012 - The remnants of.",google
"Why You Should Meditate While Lying Down July 27, 2016 Meditation, a practice often associated with sitting.",google
"""I Can't Get Out of My Sweat Pants: An Essay on Depression"" April 30, 2015 The title, ""I Can't Get Out of My.",google
"A Kindergarten Teacher Explains Social Media Stalking To Her Class May 5, 2017 - In a heartwarming display of.",google
"Facebook Reportedly In Talks To Produce Original TV-Quality Shows June 26, 2017 - In a move that could shake.",google
"Erin Andrews Awarded $55 Million In Peeping Tom Lawsuit Nashville, TN - March 7, 2016 - In a landmark victory.",google
"Has Putin Been Manipulating Energy Prices? WORLDPOST, May 6, 2014 The ongoing crisis in Ukraine has cast a.",google
"New Hampshire Town Celebrates 1965 UFO Sighting Claremont, NH - September 4, 2015 - Fifty years ago, a quiet.",google
"3 Key Things That Will Transform Your Resume Into A Winner FIFTY, June 10, 2014 - In today's competitive job.",google
"Are You My Motherhood? April 17, 2012 The question ""Are you my mother?"" is a familiar one, often uttered by.",google
"Is Personalization More Dangerous Than Fake News? November 21, 2016 - The digital age has ushered in an era.",google
"Why Celebrity Divorces Can Break Our Hearts Too September 8, 2012 The news cycle this week has been dominated.",google
"Hannity Loses It Over Journalists With 'Expensive Wine Lifestyles' Criticizing Trump New York, NY - September.",google
"What to Consider When Including a Pet in Your Wedding May 31, 2013 For many couples, their furry companions.",google
"Ricky Martin Opens Up About Expanding His Family, Upcoming 'Big' Wedding Miami, FL - April 17, 2017 - Latin.",google
"How Much Water Should I Drink? January 3, 2013 Staying hydrated is crucial for our overall health and.",google
"Gun Threat Prompts Class Cancellation At University Of Chicago Chicago, IL - November 30, 2015 - The.",google
"5 Common Financial Fears (and How to Overcome Them) September 13, 2012 Money. It's the lifeblood of our.",google
"Living In The Shadow Of My Daughter's Anorexia July 19, 2015 The aroma of freshly baked cookies wafts through.",google
"The Top Ten Cat Names Of 2013 (PHOTOS) January 12, 2014 While it might seem an unusual topic for the.",google
"Billionaire Has $25 Million Plan To Get Young People Voting For Climate Action New York, April 25, 2016 -.",google
"Best Ways To Get Cheap Airfare: Money Talk News November 11, 2012 For many, the dream of exploring new.",google
"Panda Webcams At China Conservation And Research Center (VIDEOS) Chengdu, China - February 12, 2012 - The.",google
"Who Is Saying All Those Mean Things About Liberals? August 4, 2017 The airwaves are buzzing with heated.",google
"Get Ready To LOL At This 'Force Awakens' Trailer With Jar Jar Binks October 26, 2015 - The internet is abuzz.",google
"Clergy Letter Project Stands With Athletes, Defending First Amendment Rights for All September 25, 2017 - In.",google
"The Intrinsic Value of Liberal Education November 16, 2014 In an era dominated by specialized fields and.",google
"The Odd, Magical, Powerful Mojo of Bucks County, PA March 28, 2014 Bucks County, Pennsylvania, a picturesque.",google
"Patriots Celebrate Super Bowl At Trump's White House -- Some Of Them, Anyway Washington D.C., April 20, 2017.",google
"Neighborly Holiday Party Advice: Spreading Cheer Without Spreading Stress December 20, 2012 The holidays are.",google
"All Aboard The President Trump Express On 'Jimmy Kimmel Live' Los Angeles, CA - September 8, 2017 - Last.",google
"30 Days of Online Dating: I Was His First...Kiss May 15, 2015 Thirty days. That's all it took for me to go.",google
"First Nighter: Met's Second Cast Eugene Onegin Has Chekhovian Flair New York, NY - November 24, 2013 - The.",google
"Are Nuclear Plants Safe in Hurricanes? Incident During Sandy Suggests They May Not Be November 3, 2012 - The.",google
"Is Obama's Wisdom Good for America? February 27, 2015 President Barack Obama's recent address to the National.",google
"Wedding Makeup Looks Inspired By The Hottest Celebrities (PHOTOS) May 21, 2013 - Every bride dreams of.",google
"Intelligence Failure in Iraq: Questions Mount as ISIS Advances Baghdad, Iraq - June 30, 2014 - The rapid.",google
"Confessions of a Semi-Vegan: Finding Balance in a World of Choices April 18, 2012 - For many, the term.",google
"Russell Westbrook Withdraws From Olympics In Brazil Rio de Janeiro, June 11, 2016 - In a surprising turn of.",google
"Stunning Photos Of Recently Discovered Amazon Reef Emerge As Drilling Threat Looms Manaus, Brazil - January.",google
"Weary of Mother-in-law's Constant Criticism February 5, 2014 Navigating the complexities of parenthood is a.",google
"Top Republicans Are 'Sickened' By Trump -- But Support Him Anyway Washington D.C., October 8, 2016 - A.",google
"Tselkov In New York: Brutal Beauty at the Back of the Candy-Store New York, NY - May 27, 2013 - The art world.",google
"Anna Dello Russo Trades Vintage for Modern Abercrombie & Fitch New York, May 1, 2012 - Fashion icon Anna.",google
"Supporting Our International Student Community April 3, 2017 The vibrant tapestry of cultures at Willow Creek.",google
"Should Our Puppy Sleep With Us, Or Be Banned From The Bedroom? October 21, 2012 The age-old question of.",google
"Are You My Soulmate? New App Claims to Find Your Perfect Match Through DNA June 6, 2014 - A new app,.",google
"University Report Card 2.0: Global Equity and Biomedical Research May 4, 2015 A groundbreaking new report,.",google
"Sofia Vergara Slams Radio Show Claiming 'Rumors' She Might Be One Of Bill Cosby's Victims Los Angeles, CA -.",google
"American Apparel CEO Calls for Ethical Production in Bangladesh Los Angeles, CA - May 11, 2013 - Dov Charney,.",google
"New York Times Shakes Up Washington Bureau As Elisabeth Bumiller Named Chief Washington D.C., September 8,.",google
"No, You Don't Need To Be Trying For A 'Super Orgasm' April 24, 2017 The internet is awash with advice on how.",google
"Catholic Families Are Strong On Prayer But Weak On Sacraments, According To Study July 11, 2015 - A new study.",google
"These Kids' Creative Solution To The Missing 'Rey' Dolls January 7, 2016 - The Force may be strong with these.",google
"Meet The Adorable Newborn Elephant That Just Joined Disney's Herd Orlando, FL - January 5, 2017 - A wave of.",google
"Daylight Savings Time: Debating The Costs Of Springing Forward March 9, 2012 - As the clocks ""spring forward"".",google
"""Survivor"" Player Claims He Was Fired From Job After Outing Transgender Teammate April 16, 2017 - The reality.",google
"Best Holiday Recipes: Spice Up Your Celebrations This Season December 11, 2014 The aroma of cinnamon, nutmeg,.",google
"Teens Who Stay Up Late Are More Likely To Be Heavy Adults, Study Finds October 12, 2015 - A new study.",google
"Ebola and Life-Threatening Diseases: Should You Take Untested Medicines? September 29, 2014 The recent.",google
"Sharon Jones's Classic Christmas Cover Is Now An Adorable Claymation Video December 20, 2016 - Soul legend.",google
"Weekly Rune: Sowilo - Embrace the Sun's Power May 7, 2013 This week's rune, Sowilo, bursts onto the scene.",google
"Nordstrom Drops Ivanka Trump Line, Citing Declining Sales Seattle, WA - February 3, 2017 - In a move that has.",google
"Roger Ailes' Days Running Fox News May Be Numbered New York, NY - July 18, 2016 - The future of Fox News, the.",google
"The Long Judicial Arm of the Honduran Coup WORLDPOST, February 4, 2015 Five years after the controversial.",google
"Rabbi Jonathan Sacks On What It Takes To End Violence In God's Name London, November 8, 2015 - In a powerful.",google
"What Turning 50 REALLY Feels Like July 11, 2015 Fifty. It's a milestone, a number that hangs in the air like.",google
"These Photos Of Faces Hiding In Everyday Life Are Your New Favorite Twitter Addiction December 8, 2013 - The.",google
"Deathly Ill Kitten Makes Full Recovery [City, State] - June 30, 2013 - A tiny kitten, found barely clinging.",google
"Roger Bannister, First Man To Run Mile In Under 4 Minutes, Dies At 88 Oxford, England - March 4, 2018 - The.",google
"Poet Has Fire Response For Anyone Who Asks 'Where Are You REALLY From?' March 2, 2017 By Isabella Rodriguez,.",google
"7 Fashion Tips For Menopausal Women FIFTY, May 24, 2015 - Menopause, a natural biological transition, often.",google
"Climate Change This Week: Super Arctic Cyclones, Droughts to Deluges, and More! January 6, 2013 - The world.",google
"Lindsay Lohan Tanning Lawsuit: Star Accused Of Stiffing Company Out Of $40K Los Angeles, CA - May 29, 2012 -.",google
"The Chilling 911 Call You Won't Hear During the Super Bowl February 2, 2015 - As millions tune in to Super.",google
"Kids Weigh In On The 2012 Election (VIDEO) September 29, 2012 - As the 2012 Presidential Election heats up,.",google
"Shelter Fakes Dog's Death To Free Her From Abusive Owner June 26, 2016 - In a heartwarming act of compassion,.",google
"Transgender Teen Ousted By School Is Crowned Homecoming King October 8, 2017 - In a stunning turn of events,.",google
This Homemade Ranch Mix Lets You Make EVERYTHING Ranch (2015-01-30) Tired of store-bought ranch dressing that.,google
"Historic Resorts: The Grande Dames Of The South (PHOTOS) December 13, 2012 The American South, a region.",google
"Brie Larson Insists She's Not An 'It Girl' Los Angeles, CA - December 6, 2015 - Brie Larson, the critically.",google
"""'Straight Outta Options' Makes The Candidate Rap Game Great Again"" February 1, 2016 - The political.",google
"Ken Burns Offers Blistering Takedown Of Donald Trump In Stanford Commencement Speech Stanford, CA - June 12,.",google
"Crystal Bridges Exhibition Reveals Curatorial Missteps Bentonville, Arkansas - September 16, 2014 - The.",google
"Soon There Will Be A 'Rat Cafe' Where You Can Dine Among Rodent Pals May 21, 2017 - Forget cat cafes and dog.",google
"Hurricane Sandy: Long Island Braces For Flooding, Power Outages Long Island, NY - October 28, 2012 - As.",google
"This Early-Aughts Book About Being A 20-Something Totally Gets It December 1, 2015 - Remember the early.",google
"University Football Coach In Michigan Who Called Hitler A ‘Great Leader’ Resigns Ann Arbor, MI - January 30,.",google
"She Just Wants A Job September 22, 2014 The aroma of freshly baked bread hung heavy in the air as Maya.",google
"How Did a Visit to a Barbershop Change a Transgender Man's Life? (VIDEO) December 12, 2014 For many, a trip.",google
"First Nighter: Theresa Rebeck's 'Poor Behavior' Just Plain Poor August 17, 2014 - Theresa Rebeck, a.",google
"Tragedy Really Does Build Character: Small Town Rallies After Devastating Fire Willow Creek, CA - April 28,.",google
"Angry Birds’ Feathers Ruffled Over Climate Change, So They’re Going Green April 13, 2016 - In a surprising.",google
"On Letting Loose And Being Free At Adult Summer Camp August 25, 2017 The air crackled with laughter and the.",google
"Watch Kate Beckinsale And Chloë Sevigny Gossip In Old-Timey Dresses September 6, 2016 - A delightful dose of.",google
"Why Pulling All-Nighters For The U.N. Climate Agreement Is A Bad Idea Paris, December 11, 2015 - As world.",google
"Funny Wedding Photos: 10 Shots That Will Make You Giggle (PHOTOS) May 17, 2013 - We all know weddings are.",google
"IMF Boss Urges U.S. To Raise The Federal Minimum Wage Washington D.C., April 5, 2016 - In a surprising move,.",google
"Christophe Honore Discusses His New Film, Beloved, Starring Catherine Deneuve (INTERVIEW, PHOTOS) Paris,.",google
"You Know You Are A Parent When... January 6, 2015 Ah, parenthood. A journey filled with boundless love,.",google
"The Pythagorean Paradigm: Can Ancient Math Solve Modern Energy Crisis? May 7, 2015 - A groundbreaking new.",google
"The Fed Just Can't Stop Hiring Former Goldman Sachs Bankers Washington D.C., November 10, 2015 - A growing.",google
New Report Proves What We Already Knew: The Media's Donald Trump Obsession Helped Propel His Candidacy June.,google
"Little Girl's First Interaction With A Sanitary Pad Is A Thing Of Beauty August 4, 2017 - A heartwarming.",google
"Bob Dylan Will Finally Accept His Nobel Prize This Weekend Stockholm, Sweden - March 29, 2017 - After a year.",google
"7 Hilarious Vine Videos Teach Us About Pidgin, The Humuhumunukunukuāpuaʻa, And Local Hawaiian Culture.",google
"HuffPost Taste's Instagram: What's New March 23, 2017 HuffPost Taste, the beloved online destination for all.",google
"First Public Global Database Of Fossil Fuels Launches September 18, 2022 - In a landmark move for.",google
"""The Doctors"" Weight Loss Episode: How One Woman Took Control Of Her Health And Lost More Than 200 Pounds.",google
"""'Mad Men' and Memories We Didn't Know We Have"" FIFTY, May 14, 2015 - The final curtain has fallen on ""Mad.",google
"Have The Rams And Chargers Played Their Final Games At Home? Los Angeles, CA - December 23, 2015 - A cloud of.",google
"Botched Robbery or Hate Crime? October 21, 2014 The vibrant, rainbow-painted storefront of ""The Velvet.",google
"""Vortex Gun"" Shoots 90-MPH Rings of Gas, Might Help Firefighters, Police (VIDEO) March 4, 2012 - A.",google
"Man Arrested For DWI Tests Negative For Alcohol, Drugs: Raises Questions About Racial Profiling in Traffic.",google
"Hands Up. Don't Foreclose. February 9, 2015 IMPACT - A wave of protests swept across the nation's capital.",google
"Anthem-Protesting QB Colin Kaepernick Is Now Attacking Trump And Clinton San Francisco, CA - August 29, 2016.",google
"The Last Adventure of Summer, Italian Style September 10, 2012 As the sun dips lower in the sky and a.",google
"Shooting Near Seattle Homeless Encampment Leaves 2 Dead, 3 Wounded Seattle, WA - January 27, 2016 - A chaotic.",google
"Zuckerberg Makes Clear He's Against Colonialism In India New Delhi, February 10, 2016 - In a surprising turn.",google
"Kate McKinnon's Sessions Gets Oily With 'Al Franken' On 'SNL' March 12, 2017 - Saturday Night Live delivered.",google
"Asteroid Killed Off Dinosaurs? New Study Suggests Comet Instead Caused Extinction Event March 23, 2013 - A.",google
"Credit Suisse Settles DOJ Case Over Mortgage Securities For $5.3 Billion New York, December 23, 2016 - In a.",google
"Get Ready For A 'Call Of Duty' Movie November 6, 2015 - TECH Gaming fans rejoice! Activision, the powerhouse.",google
SNL Takes On iPhone 5 'Problems' In Skit Pitting Tech Bloggers Against Chinese Factory Workers (VIDEO) New.,google
"5 Tips To Enjoy A Stress-Free Marriage March 27, 2013 Marriage, often hailed as the ultimate union of love.",google
"Pulitzer-Prize-Winning Poet John Ashbery Dead At 90 New York, NY - September 4, 2017 - The literary world.",google
"Free Tampon Dispenser In School Helps Low-Income Girls September 24, 2015 - A small but significant change at.",google
"Pope Says Paris Terror Attacks Part Of 'Piecemeal Third World War' Vatican City, November 15, 2015 - In a.",google
"German Nationalists Take Inspiration From Trump THE WORLDPOST - February 18, 2017 Berlin - A growing number.",google
"Women in Business Q&A: Michelle Zatlyn, Co-Founder of CloudFlare August 9, 2014 - Michelle Zatlyn, co-founder.",google
"Serena Williams Knocked Out Of Olympics In Stunning Third-Round Loss Rio de Janeiro, August 10, 2016 - In a.",google
"Volcker Slams Obama ""Socialist"" Label as ""Disconnected From Reality"" Washington D.C., March 25, 2012 - Former.",google
"Nigerian Women With This Disfiguring Disease Face Pain And Isolation Lagos, Nigeria - October 20, 2017 - For.",google
"Eliminating the Pay Gap: A Long Road Ahead June 5, 2012 - The issue of the gender pay gap continues to be a.",google
"Student Missed College Graduation, So School Held One Just For Her May 12, 2016 - In a heartwarming display.",google
"These Retired Lab Chimps Are Already Loving Their New Home September 10, 2016 - After decades of research, 12.",google
"This Couple Understands The True Meaning Of 'In Sickness And In Health' January 23, 2014 - Love conquers all,.",google
"Fruit Tree Basics: A Beginner's Guide to Growing Your Own Orchard February 13, 2012 Dreaming of fresh, juicy.",google
"What to Cook in Your Pressure Cooker: A Culinary Time-Saver February 28, 2014 The pressure cooker, once.",google
"Trader Joe's Recalls Cashews Over Potential Salmonella Contamination January 18, 2016 - Trader Joe's has.",google
"How To Make Lo Mein Lettuce Wraps: A Lighter Take on a Classic May 13, 2014 Craving the savory flavors of lo.",google
"A Fine Line: Balancing Visibility and Safety for LGBTQ Youth in 2012 May 12, 2012 - The air crackled with.",google
"Is Stress a Choice? April 16, 2012 Stress. It's a word that evokes images of frantic deadlines, overflowing.",google
"The Worst Thing About Seeing 'Me Too' All Over Social Media Is That It Doesn't Surprise Me October 17, 2017.",google
"A Letter to My Daughter From an Autism Sibling Who's Been There December 30, 2014 Dear Lily, I know you're.",google
"Southern Baptist Leader Apologizes For Past 'Hurtful' Comments About Women Nashville, TN - May 12, 2018 - In.",google
"Why Would Learning Be the Goal of 21st Century Schools? June 2, 2014 The question, ""Why would learning be the.",google
"""Reasons My Son Is Crying"" Contest Features More Toddlers In Tears (PHOTOS) May 3, 2013 - A viral online.",google
"One Woman Gets Real About What It's Like To Live With Dwarfism December 10, 2015 - For many, the word.",google
"10 Eyebrows As Famous As The Men Who Own Them November 17, 2016 Eyebrows. Those unassuming arches above our.",google
"Hillary Clinton Aces Updo, No Scrunchie In Sight (PHOTO) Washington D.C., July 24, 2012 - Former Secretary of.",google
"Adorable Flower Girl Dresses & Accessories: Making Little Ones Shine on Your Big Day April 10, 2013 - Every.",google
"Woman Allegedly Locks Disabled Sister In Closet For 7 Years August 14, 2015 - A chilling case of alleged.",google
"How to Avoid the Home Care Nightmare November 28, 2012 Finding the right home care for a loved one can be a.",google
"Resume Tip: Leave Your Photo Off, Pretty Woman April 5, 2012 A recent study by the National Career.",google
"Dave Chappelle Talks 'Racist' Trump And How To Survive 'Anguish' In Edgy 'SNL' Monologue New York, NY -.",google
"Virginia Museum Of Fine Arts Unveils Kehinde Wiley Statue 'Rumors Of War' Richmond, VA - December 11, 2019 -.",google
"Easter Ideas: Enjoy The Occasion With These Awesome DIY Piñata Eggs March 25, 2013 Easter is just around the.",google
"Senator Asks: Are Republicans Afraid They'll Actually Like Obama's Nominee? Washington D.C., March 17, 2016 -.",google
"Cooking Off the Cuff: Getting A Jump on Summer Tomatoes While the Bluefish Are Running June 13, 2017 The air.",google
"Turkey's Erdogan Says To Cut Back Gendarmerie After Failed Coup THE WORLDPOST - July 30, 2016 ANKARA, Turkey.",google
"Robot Sex Doll Inventor Claims It Has Improved His Marriage April 10, 2018 - In a move that has sparked both.",google
"Understanding Habits Helps You Change Them April 11, 2014 We all have them: those ingrained routines, both.",google
"How ""Daddy"" Puts The Blame For Toxic Masculinity On Spoiled Teenage Girls November 15, 2017 - The new play.",google
"Lots Of Men Still Don't See Tampons As A Basic Right October 26, 2017 - A recent survey conducted by the.",google
"Aleppo Hit By Worst Strikes For Months As Putin, Assad Ignore U.S. Plea THE WORLDPOST, September 22, 2016 -.",google
"Cutting Calories, High-Protein Foods More Effective Than Crash Dieting For Weight Loss November 1, 2013 - A.",google
"The 20 Funniest Tweets From Women This Week (Oct. 12-18) By: [Your Name], Staff Writer October 18, 2019.",google
"Can My Evil Landlord Evict Fido and Fluffy? October 31, 2013 Halloween is a time for spooky costumes and.",google
"We Saw Ben Simmons In Person And Yes, He’s Worth Tanking For November 24, 2015 - The whispers have been.",google
"How Social Science Could Help Build a Better Kony Campaign March 31, 2012 The ""Kony 2012"" campaign, which.",google
"Marriage Is Not a Fairy Tale September 26, 2013 The image of a fairytale wedding, complete with a white.",google
"House Finally Approves Bill To Keep Your Old Emails Private Washington D.C., April 13, 2016 - In a landmark.",google
"The Christmas That Ruined My Marriage By Sarah Miller, Staff Writer December 24, 2012 - For many, Christmas.",google
"How Do We Tell Our Son He Lost His Grandfather On 9/11? New York, NY - September 11, 2014 - For many.",google
"Children Are in Need of Families, and You May Be the Perfect Fit June 10, 2015 Across the nation, thousands.",google
"This Country's Capital Just Made It Punishable To Catcall Women Mexico City, December 9, 2016 - In a landmark.",google
"Welcome To The Stress-Less Parenting Club! February 14, 2013 Forget chocolates and roses, this Valentine's.",google
"Chase Liquid: JPMorgan Chase's New Play For Low-Income Customers New York, NY - May 9, 2012 - In a move aimed.",google
"How to Go Wine Tasting Without Being Annoying March 14, 2014 Wine tasting: the romantic notion of swirling,.",google
"Sabrina Negus, Nebraska Mom, Gives Birth To Four Boys, But They're Not Typical Quadruplets (VIDEO) Omaha, NE.",google
"These Cookies Are Spot-On Copies Of The Oscars Dresses TASTE - February 29, 2016 Forget red carpets and.",google
"A Scientist with a Mohawk Inspires the Next Generation September 5, 2012 - Dr. Anya Petrova, a renowned.",google
"These Videos Of Simone Biles Meeting Zac Efron Will Melt Your Heart Los Angeles, CA - August 17, 2016 -.",google
"After Shooting, Orlando Chefs Provide Thousands Of Free Meals Orlando, FL - June 15, 2016 - In the wake of.",google
"Raquel Welch Shows Off That Famous Body In A Bathing Suit: A Look Back May 13, 2012 - Even decades after her.",google
"Awesomely Geeky Dad Dicken Schrader Collaborates With Kids For Depeche Mode Cover (VIDEO) January 29, 2012 -.",google
"Why You Need To Talk To Your Parents About Aging October 15, 2014 It's a conversation many of us dread:.",google
"Meryl's Humblebrag: A Teachable Moment For Moms February 27, 2012 - Actress Meryl Streep, known for her.",google
"""A House Divided Against Itself Cannot Stand"": Ken Burns' Stanford Commencement Address Stanford, CA - June.",google
"Chanel Shell Purse: Would You Pay $48,000 For A Pearl-Encrusted Bag? (PHOTOS) Paris, May 3, 2012 - Luxury.",google
"6-Year-Old Girl Among 3 Family Members Shot In Tent At Iowa State Park DES MOINES, IA - July 23, 2022 - A.",google
"Stephen Hawking: Trump's Climate Policies Could Turn Earth Into Venus Cambridge, UK - July 3, 2017 - Renowned.",google
Ken Ham Hits Miley Cyrus Like a Wrecking Ball: Creation Museum Sparks Controversy with New Exhibit.,google
"Police Dispatcher Fired After Allegedly Hanging Up On Store Employee During Buffalo Shooting Buffalo, NY -.",google
"Ben Roethlisberger Isn't The Concussion 'Culture Change' The NFL Needs Pittsburgh, PA - December 2, 2015 -.",google
"North Korea Threatens Again To Call Off Trump Summit, Warns Of ‘Nuclear Showdown’ Pyongyang, North Korea -.",google
"Derrick Salberg Catch: Lower Columbia College Player Jumps Wall For Game-Ending Play (VIDEO) Longview, WA -.",google
"More U.S. Schools Are Offering Safe Spaces For LGBTQ Youth March 9, 2018 Across the United States, a growing.",google
"Magic Mushroom Clinical Trial Stalls Due To Drug Regulations April 7, 2013 - A groundbreaking clinical trial.",google
"""My Christian Faith Says 'No!' To Nuclear Provocation, Again"" August 9, 2017 - Reverend Elijah Thompson, a.",google
"Nurse Charged In Death Of Ex-Trump Adviser H.R. McMaster's Father New York, NY - May 10, 2018 - A registered.",google
"These Joyful Former Lab Chimps Just Can't Get Enough Watermelon September 24, 2016 - A heartwarming sight.",google
"Silence, El Segundo Museum of Art El Segundo, CA - February 9, 2014 - A shroud of uncertainty hangs over the.",google
"6 Ways for Parents to Teach Kids About Grit January 30, 2014 Grit. It's the word on everyone's lips these.",google
"The History Of How Salt And Pepper Became The World's Most Popular Pairing August 4, 2016 Few culinary duos.",google
"Texas Tornado Victims Find Their 2 Dogs Alive Under Rubble Austin, TX - December 30, 2015 - Amidst the.",google
"9 Tips for Traveling With Children Without Falling Apart! By Sarah Miller, Parenting Editor November 19, 2012.",google
"A Striking Number Of College Students Are Hungry And Homeless March 22, 2017 - A growing crisis is unfolding.",google
"Turkey Ratchets Up Syria Offensive, Says Warplanes Hit Kurdish Militia THE WORLDPOST, August 27, 2016 -.",google
"Sorry, Eating McDonald's French Fries Won't Actually Cure Your Baldness February 6, 2018 - A recent internet.",google
